k,f1,f2,f3,joint_ds1,joint_ds2,three_way_ds1,three_way_ds2,pct_of_base_ds1,pct_of_base_ds2,sum_singles_ds1,sum_singles_ds2,sum_pairwise_ds1,sum_pairwise_ds2,rank_ds1,rank_ds2,rank_delta
Policyrate + ROE + TDTA,ROE,TDTA,Policyrate,0.003147353922010461,-0.0058161774970575605,-0.009098618552117469,-1.5230049225520336e-05,91.70996208119807,-27.39943886822556,0.0032364840172906238,-0.004821286421588045,0.009009488456837307,-0.0009796610262439952,1,1,0
Policyrate + REtoTA + ROE,ROE,REtoTA,Policyrate,0.0008888287429192332,-0.012859346408277543,1.0873019730990932e-05,0.0002137355191947081,25.899359376060314,-60.579113339850245,0.0033243543537873213,-0.013455572554932446,-0.002446398630599079,0.00038249062746019543,2,26,24
Policyrate + ROE + lnTotalAssets,ROE,Policyrate,lnTotalAssets,0.0003457163999062898,-0.011318585669770382,3.456715625715576e-05,0.0004985817513186988,10.073744075785822,-53.32074137877334,0.0022040305712005444,-0.009435277100672117,-0.0018928813275514104,-0.002381890320416964,3,21,18
CashRatio + Policyrate + ROE,ROE,CashRatio,Policyrate,0.00028309017572644306,-0.009134734319234113,-0.00017652025448234784,0.0001710485821988868,8.248894126545423,-43.03283293605785,0.0021810999348891836,-0.007920111318516682,-0.0017214895046803926,-0.0013856715829163179,4,11,7
Policyrate + ROE + lnAge,ROE,Policyrate,lnAge,0.0002701709708017132,-0.018187433929673147,-0.0007825286060278091,0.0004976721248128564,7.872444631787183,-85.67920844542255,0.0022150225480016376,-0.020972564309909382,-0.0011623229711721153,0.0022874582554233787,5,40,35
Policyrate + ROE + adj_illiq_kz,ROE,Policyrate,adj_illiq_kz,-0.00047860686607377294,-0.007924487653358238,0.0006187365540279697,0.00012629986878459382,-13.946006272910314,-37.33148019124982,0.0015187535030115576,-0.00819776382861249,-0.0026160969231133003,0.00014697630646965765,6,7,1
REtoTA + ROE + TDTA,ROE,TDTA,REtoTA,-0.0005250125697137765,-0.010900218625115933,0.0003288487816550541,5.345628862646031e-05,-15.298210513880294,-51.34985547126983,0.001306638680424307,-0.011396364822655084,-0.0021605000317931377,0.0004426899089126908,7,20,13
ROE + TDTA + lnTotalAssets,ROE,TDTA,lnTotalAssets,-0.000577854177829543,-0.008653483248015795,6.3136478090966e-06,-0.00029875819722642366,-16.83794897249981,-40.76570657810449,0.0001863148978375296,-0.007376069368394756,-0.0007704827234761692,-0.0009786556823946154,8,10,2
ROE + TDTA + lnAge,ROE,TDTA,lnAge,-0.000579139655103617,-0.016908294342026474,-0.00043486060459553674,0.00017484742066106946,-16.875406174639394,-79.65330793716208,0.00019730687463862285,-0.01891335657763202,-0.0003415859251467031,0.001830214814944478,9,37,28
REtoTA + ROE + lnTotalAssets,ROE,REtoTA,lnTotalAssets,-0.0006054031410583533,-0.014778226598078007,5.020428218749644e-05,-6.880494312134881e-05,-17.640691350921816,-69.61876876344857,0.0002741852343342272,-0.016010355501739158,-0.0009297926575800769,0.001300933846782499,10,34,24
CashRatio + ROE + TDTA,ROE,TDTA,CashRatio,-0.0006070691899873927,-0.007060217027191108,-1.701547962578093e-07,-9.95979260837456e-05,-17.689237935733615,-33.25998646547384,0.00016338426152616895,-0.005860903586239321,-0.0007702832967173038,-0.0010997155148680412,11,4,-7
CashRatio + REtoTA + ROE,ROE,REtoTA,CashRatio,-0.0006147521586917062,-0.013444567164451722,-0.0001462650394212701,4.408788836948686e-05,-17.913110047356046,-63.33603063498492,0.0002512545980228665,-0.014495189719583721,-0.0007197417172933026,0.0010065346667625119,12,31,19
REtoTA + ROE + lnAge,ROE,REtoTA,lnAge,-0.0006677658378868211,-0.01951286591922153,5.5210326702011345e-05,-0.00014901536190533096,-19.457862442302183,-91.92318789584235,0.00028517721113532045,-0.02754764271097642,-0.0010081533757241529,0.008183792153660222,13,44,31
Policyrate + ROA + ROE,ROE,ROA,Policyrate,-0.00077434626273353,-0.008384301169857411,0.0010021277045002266,0.00027700755094686117,-22.563482897927948,-39.49761634209401,0.0015821167644084443,-0.007262323223805778,-0.0033585907316422007,-0.0013989854969984946,14,8,-6
Policyrate + ROE + amihud_monthly,ROE,Policyrate,amihud_monthly,-0.0007895667297872437,-0.0092332732581397,0.0004828734181810306,-9.241804947729025e-06,-23.006988296730558,-43.497040163923465,0.001563579902733636,-0.010389125895385477,-0.0028360200507019104,0.0011650944421935049,15,13,-2
DE + Policyrate + ROE,ROE,Policyrate,DE,-0.000853048978269134,-0.013244745222146189,0.00030106452729319454,0.000268687589361618,-24.856781724914324,-62.39468916191255,0.0014456485553922234,-0.0145544795052311,-0.002599762060954552,0.0010410466937232933,16,29,13
CashRatio + ROE + lnTotalAssets,ROE,CashRatio,lnTotalAssets,-0.0008868016906893538,-0.010291966280752175,-3.222037739281067e-05,-0.0005430256558742121,-25.840293605973645,-48.48443863447608,-0.0008690691845639107,-0.010474894265323394,1.4487871267367564e-05,0.0007259536404454312,17,17,0
ROE + lnAge + lnTotalAssets,ROE,lnTotalAssets,lnAge,-0.0008968951789052809,-0.018507187855216777,4.0214573288512424e-06,0.000732977110611429,-26.134405245302215,-87.1855376694258,-0.0008351465714514567,-0.023527347256716093,-6.577006478267539e-05,0.004287182290887887,18,42,24
CashRatio + ROE + lnAge,ROE,CashRatio,lnAge,-0.0009875034981126646,-0.017735520068598937,1.626819144207091e-05,0.00020052072283362286,-28.77461849257572,-83.55028679258942,-0.0008580772077628174,-0.022012181474560657,-0.00014569448179191813,0.004076140683128097,19,38,19
ROE + TDTA + adj_illiq_kz,ROE,TDTA,adj_illiq_kz,-0.0010471970162959077,-0.006424017420698878,0.0002758604230325266,9.689440786185164e-05,-30.514013052175027,-30.26291283164961,-0.0004989621703514572,-0.006138556096335128,-0.0008240952689769771,-0.0003823557322256018,20,3,-17
DE + ROE + TDTA,ROE,TDTA,DE,-0.001227747032398616,-0.011840706358172486,9.957628263339248e-05,0.00015072851679085982,-35.77501500519404,-55.78040047462223,-0.0005720671179707912,-0.01249527177295374,-0.0007552561970612173,0.000503836897990394,21,22,1
ROE + adj_illiq_kz + lnTotalAssets,ROE,lnTotalAssets,adj_illiq_kz,-0.0012414233085389543,-0.010665974581972349,-1.7435729419354343e-05,6.650410335629076e-05,-36.1735246095544,-50.24635487425304,-0.0015314156164415369,-0.010752546775419201,0.0003074280373219369,2.006809009056157e-05,22,18,-4
ROA + ROE + TDTA,ROE,TDTA,ROA,-0.00124363480599428,-0.006080227258300959,0.00040944064821661283,0.00015116370250009494,-36.237964883129045,-28.64335126515949,-0.0004355989089545704,-0.005203115491528416,-0.0012174765452563224,-0.0010282754692726378,23,2,-21
CashRatio + ROE + adj_illiq_kz,ROE,CashRatio,adj_illiq_kz,-0.0012773305110173583,-0.009192774883561596,-6.13484074215285e-07,9.844782373350804e-05,-37.21981563984082,-43.30625631334864,-0.0015543462527528975,-0.009237380993263765,0.0002776292258097544,-5.38417140313397e-05,24,12,-12
ROE + adj_illiq_kz + lnAge,ROE,lnAge,adj_illiq_kz,-0.0012866710667985828,-0.018222411910095708,8.983653136532981e-06,-0.000302766933965911,-37.491987768473315,-85.84398626329465,-0.0015204236396404436,-0.022289833984656466,0.00022476891970532782,0.004370189008526669,25,41,16
ROE + TDTA + amihud_monthly,ROE,TDTA,amihud_monthly,-0.0013231895348918708,-0.007918254734417828,0.00028416509547798594,2.2740614175733535e-05,-38.556090315275405,-37.30211752452158,-0.0004541357706293788,-0.008329918163108114,-0.001153218859740478,0.00038892281451455247,26,6,-20
REtoTA + ROE + adj_illiq_kz,ROE,REtoTA,adj_illiq_kz,-0.0013291323372275508,-0.01229606181569596,0.0003385360016605175,-0.0002260939737227744,-38.72925615247274,-57.925535149077966,-0.0004110918338547596,-0.014772842229679528,-0.0012565765050333087,0.0027028743877063437,27,23,-4
ROA + ROE + lnTotalAssets,ROE,ROA,lnTotalAssets,-0.001368449233459463,-0.009802875269554248,-2.7620249444124925e-05,-0.00012221913821104245,-39.87490139985433,-46.18037909208836,-0.00146805235504465,-0.009817106170612488,0.00012722337102931191,0.00013645003926928312,28,16,-12
ROA + ROE + lnAge,ROE,ROA,lnAge,-0.0013789214243151297,-0.017771262285784063,-1.7656418470876124e-06,7.756741698279872e-05,-40.18004796108592,-83.71866485451655,-0.0014570603782435567,-0.021354393379849755,7.99045957755147e-05,0.003505563677082894,29,39,10
DE + ROE + lnAge,ROE,DE,lnAge,-0.0014056458773426467,-0.019858917750710015,-9.737502334651474e-06,-0.0004681164413036336,-40.9587651420977,-93.5534039624777,-0.0015935285872597776,-0.028646549661275077,0.0001976202122517823,0.009255748351868695,30,45,15
DE + ROE + lnTotalAssets,ROE,DE,lnTotalAssets,-0.0014118227476354014,-0.015443857889029824,-1.7086217737454564e-05,0.0002879475220537008,-41.138751427201335,-72.75449216158059,-0.0016045205640608708,-0.01710926245203781,0.00020978403416292403,0.0013774570409542854,31,35,4
CashRatio + ROA + ROE,ROE,ROA,CashRatio,-0.0014329889025799826,-0.008498238266106857,-2.877669496210907e-05,-5.110349111820496e-05,-41.75550674467523,-40.03436277135776,-0.0014909829913560106,-0.008301940388457054,8.677078373813706e-05,-0.00014519438653159836,32,9,-23
ROE + amihud_monthly + lnTotalAssets,ROE,lnTotalAssets,amihud_monthly,-0.001454108895915227,-0.01231316873118968,-2.6760517554861104e-05,3.7193438142109e-05,-42.37091697051128,-58.00612414168199,-0.0014865892167194585,-0.012943908842192188,5.924083835909269e-05,0.0005935466728603997,33,24,-9
CashRatio + DE + ROE,ROE,CashRatio,DE,-0.0014660764736296442,-0.014272618620357303,-4.631986373718002e-05,0.000282524857360129,-42.719637236992114,-67.23689941990564,-0.0016274512003722314,-0.015594096669882377,0.0002076945904797673,0.0010389531921649452,34,32,-2
ROE + amihud_monthly + lnAge,ROE,lnAge,amihud_monthly,-0.0014825794419116472,-0.01881975391616758,-4.538960189141226e-06,-0.00025684552993409,-43.20051311967738,-88.6580055718645,-0.0014755972399183653,-0.02448119605142945,-2.443241804140679e-06,0.00591828766519596,35,43,8
REtoTA + ROA + ROE,ROE,ROA,REtoTA,-0.0014919401358129615,-0.012389927672114769,0.00017619780261585302,-3.401307501011666e-05,-43.473272047975755,-58.36772794599001,-0.00034772857245787283,-0.013837401624872818,-0.0013204093659709417,0.0014814870277681657,36,25,-11
REtoTA + ROE + amihud_monthly,ROE,REtoTA,amihud_monthly,-0.0015043783181031612,-0.013309234645806104,0.00036523282805801414,-0.0005447385161799004,-43.83570514398568,-62.698492479832424,-0.00036626543413268125,-0.016964204296452515,-0.001503345712028494,0.004199708166826311,37,30,-7
CashRatio + ROE + amihud_monthly,ROE,CashRatio,amihud_monthly,-0.0015411463272199646,-0.010849863155225833,-4.341046119741912e-05,6.491560663043103e-05,-44.907079004523496,-51.11263581632764,-0.0015095198530308191,-0.011428743060036751,1.1783987008273613e-05,0.000513964298180487,38,19,-19
DE + REtoTA + ROE,ROE,REtoTA,DE,-0.001609030166410628,-0.016507093290554196,0.0002975628451481664,-0.0003142351090197736,-46.88512928814876,-77.7632893314294,-0.00048419678147409366,-0.02112955790629814,-0.0014223962300847007,0.004936699724763719,39,36,-3
ROA + ROE + adj_illiq_kz,ROE,ROA,adj_illiq_kz,-0.001811841001509348,-0.007627174791640689,-0.0002769285646418247,-5.6442554394259097e-05,-52.794783701808925,-35.9308686068392,-0.0021533294232336368,-0.008579592898552861,0.0006184169863661135,0.001008860661306431,40,5,-35
DE + ROE + adj_illiq_kz,ROE,DE,adj_illiq_kz,-0.0018175988252236122,-0.012868122767973984,-0.00034120779002588504,-0.0001540548692074064,-52.96255949302597,-60.62045790526453,-0.0022897976322498576,-0.015871749179978183,0.0008134065970521304,0.003157681281211605,41,27,-14
ROE + adj_illiq_kz + amihud_monthly,ROE,amihud_monthly,adj_illiq_kz,-0.0018348914049075898,-0.00969365253639271,-0.00028883665219250833,-0.0001272405065138758,-53.46644366569971,-45.665841562620926,-0.002171866284908445,-0.011706395570132559,0.0006258115321933636,0.0021399835402537244,42,15,-27
DE + ROA + ROE,ROE,ROA,DE,-0.0020398033849134407,-0.013081264648057424,-0.0003602868595995654,-9.030559140540658e-06,-59.43732281751609,-61.624548292217014,-0.002226434370852971,-0.014936308575171472,0.0005469178455390956,0.0018640744862545883,43,28,-15
DE + ROE + amihud_monthly,ROE,DE,amihud_monthly,-0.0021248481784655725,-0.014424863959807434,-0.00040797950453690655,-0.00034029655984845093,-61.915421876323954,-67.9541122067139,-0.0022449712325277793,-0.01806311124675117,0.0005281025585991133,0.003978543846792188,44,33,-11
ROA + ROE + amihud_monthly,ROE,ROA,amihud_monthly,-0.0021588419595823544,-0.009634078024724187,-0.0003869904583597408,-1.1997257580019733e-05,-62.90595819809395,-45.38519191061291,-0.0021085030235115584,-0.010770954965325848,0.0003366515222889448,0.0011488741981816807,45,14,-31
